-- MariaDB dump 10.19  Distrib 10.4.24-MariaDB, for Win64 (AMD64)
--
-- Host: localhost    Database: onride
-- ------------------------------------------------------
-- Server version	10.4.24-MariaDB

/*!40101 SET @OLD_CHARACTER_SET_CLIENT=@@CHARACTER_SET_CLIENT */;
/*!40101 SET @OLD_CHARACTER_SET_RESULTS=@@CHARACTER_SET_RESULTS */;
/*!40101 SET @OLD_COLLATION_CONNECTION=@@COLLATION_CONNECTION */;
/*!40101 SET NAMES utf8mb4 */;
/*!40103 SET @OLD_TIME_ZONE=@@TIME_ZONE */;
/*!40103 SET TIME_ZONE='+00:00' */;
/*!40014 SET @OLD_UNIQUE_CHECKS=@@UNIQUE_CHECKS, UNIQUE_CHECKS=0 */;
/*!40014 SET @OLD_FOREIGN_KEY_CHECKS=@@FOREIGN_KEY_CHECKS, FOREIGN_KEY_CHECKS=0 */;
/*!40101 SET @OLD_SQL_MODE=@@SQL_MODE, SQL_MODE='NO_AUTO_VALUE_ON_ZERO' */;
/*!40111 SET @OLD_SQL_NOTES=@@SQL_NOTES, SQL_NOTES=0 */;

--
-- Table structure for table `alumno`
--

DROP TABLE IF EXISTS `alumno`;
/*!40101 SET @saved_cs_client     = @@character_set_client */;
/*!40101 SET character_set_client = utf8 */;
CREATE TABLE `alumno` (
  `DNI` varchar(9) NOT NULL,
  `NOMBRE` varchar(30) NOT NULL,
  `APELLIDOS` varchar(30) NOT NULL,
  `FECHA NACIMIENTO` date NOT NULL,
  `TELEFONO` varchar(9) NOT NULL,
  `CORREO` varchar(40) NOT NULL,
  `FECHA ALTA` date NOT NULL,
  `CALLE` varchar(20) NOT NULL,
  `NUMERO` int(3) NOT NULL,
  `PLANTA` int(2) DEFAULT NULL,
  `LETRA` char(1) DEFAULT NULL,
  `CODIGO POSTAL` int(5) NOT NULL,
  PRIMARY KEY (`DNI`)
) ENGINE=InnoDB DEFAULT CHARSET=utf8mb4;
/*!40101 SET character_set_client = @saved_cs_client */;

--
-- Dumping data for table `alumno`
--

LOCK TABLES `alumno` WRITE;
/*!40000 ALTER TABLE `alumno` DISABLE KEYS */;
INSERT INTO `alumno` VALUES ('02975393K','SEBASTIAN','REINA MEDINA','1962-05-11','687177894','wzsl95jcb@aim.com','2020-09-09','PASSATGE HORNO',19,NULL,NULL,9332),('04294927E','GUSTAVO','VERA GODOY','1955-01-17','748374600','2a9swopoy@lycos.de','2022-01-11','EDIFICIO CATALUNYA',43,12,'D',30408),('08244788R','JOAQUIM','PEINADO HERAS','1977-05-24','632180182','vr4bftz6@writeme.com','2021-12-24','CARRETERA IGLESIA',14,NULL,NULL,45142),('18739146B','MAR','SOLER CALDERON','1958-04-19','750971525','scz722ogj@whoever.com','2021-07-16','GLORIETA PEDRALBES',27,NULL,NULL,6309),('59549582Y','CONSTANTINO','SALCEDO RUIZ','1971-04-07','795996080','h44exksyi@witty.com','2021-05-22','PASEO CATALUNYA',6,5,'B',49896),('60011922T','CARLES','VARELA PENA','1964-08-14','718005210','0dk6pnduy@witty.com','2022-01-08','TRAVESIA CATALUNYA',34,1,'E',50349),('63483457F','MATILDE','GARCIA AMAYA','1962-06-06','758415400','kuvjlmbl7x@btinternet.com','2022-02-14','CARRETERA PEDRALBES',41,NULL,NULL,49815),('68086378F','OLGA','ORTIZ BELTRAN','1991-11-30','780476053','5b46sp1z@btinternet.com','2021-06-25','CARRER MADRID',48,2,'E',49890);
/*!40000 ALTER TABLE `alumno` ENABLE KEYS */;
UNLOCK TABLES;

--
-- Table structure for table `clase`
--

DROP TABLE IF EXISTS `clase`;
/*!40101 SET @saved_cs_client     = @@character_set_client */;
/*!40101 SET character_set_client = utf8 */;
CREATE TABLE `clase` (
  `IDCLASE` int(11) NOT NULL AUTO_INCREMENT,
  `DNI_ALUMNO` varchar(9) NOT NULL,
  `DNI_TRABAJADOR` varchar(9) DEFAULT NULL,
  `FECHA` date NOT NULL,
  `MATRICULA` varchar(7) DEFAULT NULL,
  PRIMARY KEY (`IDCLASE`),
  KEY `DNI_ALUMNO` (`DNI_ALUMNO`),
  KEY `DNI_TRABAJADOR` (`DNI_TRABAJADOR`),
  KEY `MATRICULA` (`MATRICULA`),
  CONSTRAINT `clase_ibfk_1` FOREIGN KEY (`DNI_ALUMNO`) REFERENCES `alumno` (`DNI`),
  CONSTRAINT `clase_ibfk_2` FOREIGN KEY (`DNI_TRABAJADOR`) REFERENCES `trabajador` (`DNI`),
  CONSTRAINT `clase_ibfk_3` FOREIGN KEY (`MATRICULA`) REFERENCES `vehiculo` (`MATRICULA`)
) ENGINE=InnoDB AUTO_INCREMENT=17 DEFAULT CHARSET=utf8mb4;
/*!40101 SET character_set_client = @saved_cs_client */;

--
-- Dumping data for table `clase`
--

LOCK TABLES `clase` WRITE;
/*!40000 ALTER TABLE `clase` DISABLE KEYS */;
INSERT INTO `clase` VALUES (1,'59549582Y','26053593K','2022-04-11','6932CMC'),(2,'18739146B','26053593K','2022-04-11','2515KHM'),(3,'08244788R','59611551J','2022-04-12','3141CNH'),(4,'60011922T','59611551J','2022-04-12','5321JGL'),(5,'63483457F','78409180H','2022-04-13','7382JFL'),(6,'04294927E','78409180H','2022-04-13','8903FCH'),(7,'02975393K','78932383V','2022-04-14','8903FCH'),(8,'68086378F','78932383V','2022-04-14','2515KHM'),(9,'68086378F','26053593K','2022-04-17','2515KHM'),(10,'02975393K','59611551J','2022-04-17','3141CNH'),(11,'04294927E','59611551J','2022-04-18','3141CNH'),(12,'63483457F','26053593K','2022-04-18','5321JGL'),(13,'08244788R','78932383V','2022-04-19','5321JGL'),(14,'60011922T','78409180H','2022-04-19','6932CMC'),(15,'59549582Y','78409180H','2022-04-20','8903FCH'),(16,'18739146B','78932383V','2022-04-20','7382JFL');
/*!40000 ALTER TABLE `clase` ENABLE KEYS */;
UNLOCK TABLES;

--
-- Table structure for table `practico`
--

DROP TABLE IF EXISTS `practico`;
/*!40101 SET @saved_cs_client     = @@character_set_client */;
/*!40101 SET character_set_client = utf8 */;
CREATE TABLE `practico` (
  `ID_PRACTICO` int(7) NOT NULL AUTO_INCREMENT,
  `DNI_ALUMNO` varchar(9) NOT NULL,
  `DNI_TRABAJADOR` varchar(9) DEFAULT NULL,
  `MATRICULA` varchar(7) DEFAULT NULL,
  `FECHA` date NOT NULL,
  `LEVES` int(2) NOT NULL,
  `DEFICIENTES` int(2) NOT NULL,
  `GRAVES` int(2) NOT NULL,
  `APROBADO` tinyint(1) NOT NULL,
  PRIMARY KEY (`ID_PRACTICO`),
  KEY `DNI_ALUMNO` (`DNI_ALUMNO`),
  KEY `DNI_TRABAJADOR` (`DNI_TRABAJADOR`),
  KEY `MATRICULA` (`MATRICULA`),
  CONSTRAINT `practico_ibfk_1` FOREIGN KEY (`DNI_ALUMNO`) REFERENCES `alumno` (`DNI`),
  CONSTRAINT `practico_ibfk_2` FOREIGN KEY (`DNI_TRABAJADOR`) REFERENCES `trabajador` (`DNI`),
  CONSTRAINT `practico_ibfk_3` FOREIGN KEY (`MATRICULA`) REFERENCES `vehiculo` (`MATRICULA`)
) ENGINE=InnoDB AUTO_INCREMENT=17 DEFAULT CHARSET=utf8mb4;
/*!40101 SET character_set_client = @saved_cs_client */;

--
-- Dumping data for table `practico`
--

LOCK TABLES `practico` WRITE;
/*!40000 ALTER TABLE `practico` DISABLE KEYS */;
INSERT INTO `practico` VALUES (1,'02975393K','26053593K','2515KHM','2022-05-02',4,2,1,0),(2,'02975393K','59611551J','3141CNH','2022-05-09',2,0,0,1),(3,'04294927E','59611551J','3141CNH','2022-05-02',9,0,1,0),(4,'04294927E','78409180H','5321JGL','2022-05-09',3,2,0,0),(5,'08244788R','78409180H','5321JGL','2022-05-03',6,1,1,0),(6,'08244788R','78932383V','6932CMC','2022-05-10',4,2,0,0),(7,'18739146B','26053593K','6932CMC','2022-05-03',10,1,0,0),(8,'18739146B','59611551J','7382JFL','2022-05-10',9,1,0,1),(9,'59549582Y','59611551J','7382JFL','2022-05-04',7,0,1,0),(10,'59549582Y','78409180H','8903FCH','2022-05-11',2,2,0,0),(11,'60011922T','59611551J','5321JGL','2022-05-04',5,2,1,0),(12,'60011922T','78409180H','6932CMC','2022-05-11',8,2,0,0),(13,'63483457F','78932383V','7382JFL','2022-05-05',2,0,1,0),(14,'63483457F','26053593K','8903FCH','2022-05-12',0,1,0,1),(15,'68086378F','78409180H','3141CNH','2022-05-05',10,2,1,0),(16,'68086378F','78932383V','6932CMC','2022-05-12',9,1,1,0);
/*!40000 ALTER TABLE `practico` ENABLE KEYS */;
UNLOCK TABLES;

--
-- Table structure for table `teorico`
--

DROP TABLE IF EXISTS `teorico`;
/*!40101 SET @saved_cs_client     = @@character_set_client */;
/*!40101 SET character_set_client = utf8 */;
CREATE TABLE `teorico` (
  `ID_TEORICO` int(7) NOT NULL AUTO_INCREMENT,
  `DNI_ALUMNO` varchar(9) NOT NULL,
  `FECHA` date NOT NULL,
  `FALLOS` int(2) NOT NULL,
  `APROBADO` tinyint(1) NOT NULL,
  PRIMARY KEY (`ID_TEORICO`),
  KEY `DNIALUM` (`DNI_ALUMNO`),
  CONSTRAINT `DNIALUM` FOREIGN KEY (`DNI_ALUMNO`) REFERENCES `alumno` (`DNI`)
) ENGINE=InnoDB AUTO_INCREMENT=19 DEFAULT CHARSET=utf8mb4;
/*!40101 SET character_set_client = @saved_cs_client */;

--
-- Dumping data for table `teorico`
--

LOCK TABLES `teorico` WRITE;
/*!40000 ALTER TABLE `teorico` DISABLE KEYS */;
INSERT INTO `teorico` VALUES (1,'02975393K','2022-04-17',4,0),(2,'04294927E','2022-04-17',2,1),(3,'08244788R','2022-04-17',12,0),(4,'18739146B','2022-04-17',5,0),(5,'59549582Y','2022-04-18',0,1),(6,'60011922T','2022-04-18',6,0),(7,'63483457F','2022-04-18',5,0),(8,'68086378F','2022-04-18',7,0),(9,'02975393K','2022-04-24',8,0),(10,'08244788R','2022-04-24',2,1),(11,'18739146B','2022-04-24',3,1),(12,'60011922T','2022-04-24',11,0),(13,'63483457F','2022-04-24',4,0),(14,'68086378F','2022-04-24',7,0),(15,'02975393K','2022-04-25',2,1),(16,'60011922T','2022-04-25',3,1),(17,'63483457F','2022-04-25',0,1),(18,'68086378F','2022-04-25',2,1);
/*!40000 ALTER TABLE `teorico` ENABLE KEYS */;
UNLOCK TABLES;

--
-- Table structure for table `trabajador`
--

DROP TABLE IF EXISTS `trabajador`;
/*!40101 SET @saved_cs_client     = @@character_set_client */;
/*!40101 SET character_set_client = utf8 */;
CREATE TABLE `trabajador` (
  `DNI` varchar(9) NOT NULL,
  `NOMBRE` varchar(30) NOT NULL,
  `APELLIDOS` varchar(30) NOT NULL,
  `FECHA NACIMIENTO` date NOT NULL,
  `TELEFONO` varchar(9) NOT NULL,
  `CORREO` varchar(40) NOT NULL,
  `FCHA ALTA` date NOT NULL,
  `CALLE` varchar(20) NOT NULL,
  `NUMERO` int(3) NOT NULL,
  `PLANTA` int(2) DEFAULT NULL,
  `LETRA` char(1) DEFAULT NULL,
  `CODIGO POSTAL` int(5) NOT NULL,
  `ADMINISTRADOR` tinyint(1) NOT NULL,
  `CONTRASEÑA` varchar(20) NOT NULL,
  PRIMARY KEY (`DNI`)
) ENGINE=InnoDB DEFAULT CHARSET=utf8mb4;
/*!40101 SET character_set_client = @saved_cs_client */;

--
-- Dumping data for table `trabajador`
--

LOCK TABLES `trabajador` WRITE;
/*!40000 ALTER TABLE `trabajador` DISABLE KEYS */;
INSERT INTO `trabajador` VALUES ('26053593K','PAU','ESTRADA ESTEBAN','1959-10-26','759934710','3i58jxbiak@netscape.com','2016-08-18','CAMI DE VALENCIA',87,3,'A',50654,1,'bD3sG4dD'),('59611551J','LUIS MANUEL','REDONDO PAEZ','1960-08-20','725012721','ly67dr26o@email.com','2015-07-17','ENPARANTZA IGLESIA',91,NULL,NULL,9069,0,'dC6oV1bB'),('78409180H','FELIPE','LOSADA OJEDA','1961-07-17','642576315','iherg15k@lycos.nl','2011-11-11','RUA CATEDRAL',57,NULL,NULL,19701,1,'cF3nB5iK'),('78932383V','CARLOS ALBERTO','CASTELLANO PORRAS','2000-06-22','774157383','bxq4ahr3q0@teacher.com','2019-04-12','PASSATGE IGLESIA',18,4,'B',5412,0,'gC1bH6gD');
/*!40000 ALTER TABLE `trabajador` ENABLE KEYS */;
UNLOCK TABLES;

--
-- Table structure for table `vehiculo`
--

DROP TABLE IF EXISTS `vehiculo`;
/*!40101 SET @saved_cs_client     = @@character_set_client */;
/*!40101 SET character_set_client = utf8 */;
CREATE TABLE `vehiculo` (
  `MATRICULA` varchar(7) NOT NULL,
  `MARCA` varchar(20) NOT NULL,
  `MODELO` varchar(20) NOT NULL,
  `FECHA MATRICULACION` date NOT NULL,
  `ITV` tinyint(1) NOT NULL,
  PRIMARY KEY (`MATRICULA`)
) ENGINE=InnoDB DEFAULT CHARSET=utf8mb4;
/*!40101 SET character_set_client = @saved_cs_client */;

--
-- Dumping data for table `vehiculo`
--

LOCK TABLES `vehiculo` WRITE;
/*!40000 ALTER TABLE `vehiculo` DISABLE KEYS */;
INSERT INTO `vehiculo` VALUES ('2515KHM','KIA','CARENS 2022','2021-04-30',1),('3141CNH','AUDI','R8','2018-11-21',0),('5321JGL','RENAULT','ZOE','2015-07-15',1),('6932CMC','DACIA','SANDERO','2018-05-13',1),('7382JFL','CITROEN','C5','2016-08-18',0),('8903FCH','BMW','X1','2021-02-28',1);
/*!40000 ALTER TABLE `vehiculo` ENABLE KEYS */;
UNLOCK TABLES;
/*!40103 SET TIME_ZONE=@OLD_TIME_ZONE */;

/*!40101 SET SQL_MODE=@OLD_SQL_MODE */;
/*!40014 SET FOREIGN_KEY_CHECKS=@OLD_FOREIGN_KEY_CHECKS */;
/*!40014 SET UNIQUE_CHECKS=@OLD_UNIQUE_CHECKS */;
/*!40101 SET CHARACTER_SET_CLIENT=@OLD_CHARACTER_SET_CLIENT */;
/*!40101 SET CHARACTER_SET_RESULTS=@OLD_CHARACTER_SET_RESULTS */;
/*!40101 SET COLLATION_CONNECTION=@OLD_COLLATION_CONNECTION */;
/*!40111 SET SQL_NOTES=@OLD_SQL_NOTES */;

-- Dump completed on 2022-05-11 21:26:18
